events,hits,recall,fp_events,healthy_hours,fp_per_hour,tia,delay_median,too_early,n_alarm_events,file,method,flagged,cal_len
1,0,0.0,0,0.021388888888888888,0.0,0.0,,0,0,other\1.csv,F0,0,360
1,0,0.0,0,0.021388888888888888,0.0,0.0,,0,0,other\1.csv,F2,0,360
1,0,0.0,1,0.021388888888888888,46.753246753246756,0.8831168831168831,,1,1,other\1.csv,F3,0,360
1,0,0.0,0,0.0725,0.0,0.0,,0,0,other\10.csv,F0,0,360
1,1,1.0,0,0.0725,0.0,0.0,207.0,0,1,other\10.csv,F2,0,360
1,1,1.0,0,0.0725,0.0,0.0,101.0,0,1,other\10.csv,F3,0,360
1,1,1.0,0,0.07194444444444445,0.0,0.0,128.0,0,1,other\11.csv,F0,0,360
1,0,0.0,1,0.07194444444444445,13.899613899613898,0.8918918918918919,,1,1,other\11.csv,F2,0,360
1,0,0.0,0,0.07194444444444445,0.0,0.0,,0,0,other\11.csv,F3,0,360
1,0,0.0,0,0.07194444444444445,0.0,0.0,,0,0,other\12.csv,F0,0,360
1,0,0.0,0,0.07194444444444445,0.0,0.0,,0,0,other\12.csv,F2,0,360
1,0,0.0,0,0.07194444444444445,0.0,0.0,,0,0,other\12.csv,F3,0,360
1,0,0.0,0,0.049444444444444444,0.0,0.0,,0,0,other\13.csv,F0,0,360
1,0,0.0,0,0.049444444444444444,0.0,0.0,,0,0,other\13.csv,F2,0,360
1,0,0.0,0,0.049444444444444444,0.0,0.0,,0,0,other\13.csv,F3,0,360
1,0,0.0,0,0.034166666666666665,0.0,0.0,,0,0,other\14.csv,F0,0,360
1,0,0.0,0,0.034166666666666665,0.0,0.0,,0,0,other\14.csv,F2,0,360
1,0,0.0,1,0.034166666666666665,29.26829268292683,0.4796747967479675,,0,1,other\14.csv,F3,0,360
0,0,0.0,0,0.0811111111111111,0.0,0.0,,0,0,other\2.csv,F0,1,360
0,0,0.0,0,0.0811111111111111,0.0,0.0,,0,0,other\2.csv,F2,1,360
0,0,0.0,0,0.0811111111111111,0.0,0.0,,0,0,other\2.csv,F3,1,360
1,0,0.0,0,0.07194444444444445,0.0,0.0,,0,0,other\3.csv,F0,0,360
1,0,0.0,0,0.07194444444444445,0.0,0.0,,0,0,other\3.csv,F2,0,360
1,0,0.0,1,0.07194444444444445,13.899613899613898,0.18146718146718147,,0,1,other\3.csv,F3,0,360
1,0,0.0,0,0.08777777777777777,0.0,0.0,,0,0,other\4.csv,F0,0,360
1,0,0.0,1,0.08777777777777777,11.39240506329114,0.9715189873417721,,1,1,other\4.csv,F2,0,360
1,0,0.0,0,0.08777777777777777,0.0,0.0,,0,0,other\4.csv,F3,0,360
1,1,1.0,1,0.07361111111111111,13.584905660377357,0.19622641509433963,9.0,0,2,other\5.csv,F0,0,360
1,1,1.0,0,0.07361111111111111,0.0,0.0,9.0,0,1,other\5.csv,F2,0,360
1,1,1.0,1,0.07361111111111111,13.584905660377357,0.5924528301886792,51.0,0,2,other\5.csv,F3,0,360
1,0,0.0,0,0.07361111111111111,0.0,0.0,,0,0,other\6.csv,F0,0,360
1,0,0.0,1,0.07361111111111111,13.584905660377357,0.07169811320754717,,0,1,other\6.csv,F2,0,360
1,1,1.0,1,0.07361111111111111,13.584905660377357,0.4188679245283019,-38.0,0,2,other\6.csv,F3,0,360
1,1,1.0,0,0.07305555555555555,0.0,0.0,10.0,0,1,other\7.csv,F0,0,360
1,1,1.0,1,0.07305555555555555,13.688212927756654,0.7908745247148289,272.0,0,2,other\7.csv,F2,0,360
1,1,1.0,0,0.07305555555555555,0.0,0.0,293.0,0,1,other\7.csv,F3,0,360
1,0,0.0,1,0.07333333333333333,13.636363636363637,0.14015151515151514,,0,1,other\8.csv,F0,0,360
1,0,0.0,1,0.07333333333333333,13.636363636363637,0.9090909090909091,,1,1,other\8.csv,F2,0,360
1,0,0.0,1,0.07333333333333333,13.636363636363637,0.015151515151515152,,0,1,other\8.csv,F3,0,360
1,1,1.0,0,0.07305555555555555,0.0,0.0,13.0,0,1,other\9.csv,F0,0,360
1,1,1.0,0,0.07305555555555555,0.0,0.0,54.0,0,1,other\9.csv,F2,0,360
1,0,0.0,0,0.07305555555555555,0.0,0.0,,0,0,other\9.csv,F3,0,360
1,0,0.0,0,0.07388888888888889,0.0,0.0,,0,0,valve1\0.csv,F0,0,360
1,1,1.0,0,0.07388888888888889,0.0,0.0,237.0,0,1,valve1\0.csv,F2,0,360
1,1,1.0,0,0.07388888888888889,0.0,0.0,116.0,0,1,valve1\0.csv,F3,0,360
1,0,0.0,0,0.07305555555555555,0.0,0.0,,0,0,valve1\1.csv,F0,0,360
1,0,0.0,0,0.07305555555555555,0.0,0.0,,0,0,valve1\1.csv,F2,0,360
1,0,0.0,0,0.07305555555555555,0.0,0.0,,0,0,valve1\1.csv,F3,0,360
1,0,0.0,0,0.07361111111111111,0.0,0.0,,0,0,valve1\10.csv,F0,0,360
1,0,0.0,1,0.07361111111111111,13.584905660377357,0.2528301886792453,,0,1,valve1\10.csv,F2,0,360
1,1,1.0,0,0.07361111111111111,0.0,0.0,25.0,0,1,valve1\10.csv,F3,0,360
1,0,0.0,0,0.07277777777777777,0.0,0.0,,0,0,valve1\11.csv,F0,0,360
1,1,1.0,0,0.07277777777777777,0.0,0.022900763358778626,366.0,0,1,valve1\11.csv,F2,0,360
1,0,0.0,0,0.07277777777777777,0.0,0.0,,0,0,valve1\11.csv,F3,0,360
1,0,0.0,0,0.0725,0.0,0.0,,0,0,valve1\12.csv,F0,0,360
1,1,1.0,0,0.0725,0.0,0.0,32.0,0,1,valve1\12.csv,F2,0,360
1,0,0.0,1,0.0725,13.793103448275863,0.24521072796934865,,0,1,valve1\12.csv,F3,0,360
1,0,0.0,0,0.0725,0.0,0.0,,0,0,valve1\13.csv,F0,0,360
1,1,1.0,0,0.0725,0.0,0.0,184.0,0,1,valve1\13.csv,F2,0,360
1,0,0.0,1,0.0725,13.793103448275863,0.04597701149425287,,0,1,valve1\13.csv,F3,0,360
1,0,0.0,0,0.07222222222222222,0.0,0.0,,0,0,valve1\14.csv,F0,0,360
1,1,1.0,1,0.07222222222222222,13.846153846153847,0.15384615384615385,153.0,0,2,valve1\14.csv,F2,0,360
1,1,1.0,0,0.07222222222222222,0.0,0.0,335.0,0,1,valve1\14.csv,F3,0,360
1,0,0.0,0,0.07388888888888889,0.0,0.0,,0,0,valve1\15.csv,F0,0,360
1,0,0.0,0,0.07388888888888889,0.0,0.0,,0,0,valve1\15.csv,F2,0,360
1,1,1.0,0,0.07388888888888889,0.0,0.09398496240601503,-25.0,0,1,valve1\15.csv,F3,0,360
1,0,0.0,0,0.07166666666666667,0.0,0.0,,0,0,valve1\2.csv,F0,0,360
1,0,0.0,0,0.07166666666666667,0.0,0.0,,0,0,valve1\2.csv,F2,0,360
1,0,0.0,0,0.07166666666666667,0.0,0.0,,0,0,valve1\2.csv,F3,0,360
1,0,0.0,0,0.07333333333333333,0.0,0.0,,0,0,valve1\3.csv,F0,0,360
1,1,1.0,1,0.07333333333333333,13.636363636363637,0.125,-27.0,0,2,valve1\3.csv,F2,0,360
1,0,0.0,0,0.07333333333333333,0.0,0.0,,0,0,valve1\3.csv,F3,0,360
1,0,0.0,0,0.07388888888888889,0.0,0.0,,0,0,valve1\4.csv,F0,0,360
1,1,1.0,1,0.07388888888888889,13.533834586466165,0.2631578947368421,-25.0,0,2,valve1\4.csv,F2,0,360
1,0,0.0,0,0.07388888888888889,0.0,0.0,,0,0,valve1\4.csv,F3,0,360
1,0,0.0,0,0.07527777777777778,0.0,0.0,,0,0,valve1\5.csv,F0,0,360
1,0,0.0,0,0.07527777777777778,0.0,0.0,,0,0,valve1\5.csv,F2,0,360
1,0,0.0,0,0.07527777777777778,0.0,0.0,,0,0,valve1\5.csv,F3,0,360
1,0,0.0,0,0.07472222222222222,0.0,0.0,,0,0,valve1\6.csv,F0,0,360
1,0,0.0,0,0.07472222222222222,0.0,0.0,,0,0,valve1\6.csv,F2,0,360
1,0,0.0,0,0.07472222222222222,0.0,0.0,,0,0,valve1\6.csv,F3,0,360
1,0,0.0,0,0.058055555555555555,0.0,0.0,,0,0,valve1\7.csv,F0,0,360
1,1,1.0,1,0.058055555555555555,17.22488038277512,0.23444976076555024,48.0,0,2,valve1\7.csv,F2,0,360
1,0,0.0,0,0.058055555555555555,0.0,0.0,,0,0,valve1\7.csv,F3,0,360
1,0,0.0,0,0.07333333333333333,0.0,0.0,,0,0,valve1\8.csv,F0,0,360
1,0,0.0,1,0.07333333333333333,13.636363636363637,0.38636363636363635,,0,1,valve1\8.csv,F2,0,360
1,1,1.0,0,0.07333333333333333,0.0,0.007575757575757576,347.0,0,1,valve1\8.csv,F3,0,360
1,0,0.0,0,0.07388888888888889,0.0,0.0,,0,0,valve1\9.csv,F0,0,360
1,1,1.0,0,0.07388888888888889,0.0,0.0,22.0,0,1,valve1\9.csv,F2,0,360
1,1,1.0,1,0.07388888888888889,13.533834586466165,0.10526315789473684,192.0,0,2,valve1\9.csv,F3,0,360
1,0,0.0,0,0.06972222222222223,0.0,0.0,,0,0,valve2\0.csv,F0,0,360
1,0,0.0,0,0.06972222222222223,0.0,0.0,,0,0,valve2\0.csv,F2,0,360
1,1,1.0,0,0.06972222222222223,0.0,0.0,277.0,0,1,valve2\0.csv,F3,0,360
1,0,0.0,0,0.06944444444444445,0.0,0.0,,0,0,valve2\1.csv,F0,0,360
1,0,0.0,0,0.06944444444444445,0.0,0.0,,0,0,valve2\1.csv,F2,0,360
1,0,0.0,1,0.06944444444444445,14.399999999999999,0.168,,0,1,valve2\1.csv,F3,0,360
1,0,0.0,0,0.07055555555555555,0.0,0.0,,0,0,valve2\2.csv,F0,0,360
1,1,1.0,0,0.07055555555555555,0.0,0.1732283464566929,-45.0,0,1,valve2\2.csv,F2,0,360
1,0,0.0,0,0.07055555555555555,0.0,0.0,,0,0,valve2\2.csv,F3,0,360
1,0,0.0,0,0.03333333333333333,0.0,0.0,,0,0,valve2\3.csv,F0,0,360
1,0,0.0,0,0.03333333333333333,0.0,0.0,,0,0,valve2\3.csv,F2,0,360
1,0,0.0,0,0.03333333333333333,0.0,0.0,,0,0,valve2\3.csv,F3,0,360
