file,method,quantile,events,hits,fp_events,healthy_hours,alarm_healthy,recall,fp_per_hour,tia,delay
other\1.csv,F0,0.9,1,0,0,0.021388888888888888,0.0,0.0,0.0,0.0,
other\1.csv,F0,0.99,1,0,0,0.021388888888888888,0.0,0.0,0.0,0.0,
other\1.csv,F0,0.995,1,0,0,0.021388888888888888,0.0,0.0,0.0,0.0,
other\1.csv,F0,0.999,1,0,0,0.021388888888888888,0.0,0.0,0.0,0.0,
other\1.csv,F2,0.9,1,1,0,0.021388888888888888,54.0,1.0,0.0,0.7012987012987013,-54.0
other\1.csv,F2,0.99,1,0,0,0.021388888888888888,0.0,0.0,0.0,0.0,
other\1.csv,F2,0.995,1,0,0,0.021388888888888888,0.0,0.0,0.0,0.0,
other\1.csv,F2,0.999,1,0,0,0.021388888888888888,0.0,0.0,0.0,0.0,
other\1.csv,F3,0.9,1,0,1,0.021388888888888888,67.99999999999999,0.0,46.753246753246756,0.8831168831168831,
other\1.csv,F3,0.99,1,0,1,0.021388888888888888,67.99999999999999,0.0,46.753246753246756,0.8831168831168831,
other\1.csv,F3,0.995,1,0,1,0.021388888888888888,67.99999999999999,0.0,46.753246753246756,0.8831168831168831,
other\1.csv,F3,0.999,1,0,1,0.021388888888888888,67.99999999999999,0.0,46.753246753246756,0.8831168831168831,
other\10.csv,F0,0.9,1,1,0,0.0725,131.0,1.0,0.0,0.5019157088122606,80.0
other\10.csv,F0,0.99,1,0,0,0.0725,0.0,0.0,0.0,0.0,
other\10.csv,F0,0.995,1,0,0,0.0725,0.0,0.0,0.0,0.0,
other\10.csv,F0,0.999,1,0,0,0.0725,0.0,0.0,0.0,0.0,
other\10.csv,F2,0.9,1,1,1,0.0725,130.0,1.0,13.793103448275863,0.49808429118773945,460.0
other\10.csv,F2,0.99,1,1,0,0.0725,0.0,1.0,0.0,0.0,207.0
other\10.csv,F2,0.995,1,1,0,0.0725,0.0,1.0,0.0,0.0,207.0
other\10.csv,F2,0.999,1,1,0,0.0725,0.0,1.0,0.0,0.0,207.0
other\10.csv,F3,0.9,1,1,0,0.0725,0.0,1.0,0.0,0.0,94.0
other\10.csv,F3,0.99,1,1,0,0.0725,0.0,1.0,0.0,0.0,100.0
other\10.csv,F3,0.995,1,1,0,0.0725,0.0,1.0,0.0,0.0,101.0
other\10.csv,F3,0.999,1,1,0,0.0725,0.0,1.0,0.0,0.0,101.0
other\11.csv,F0,0.9,1,1,0,0.07194444444444445,169.0,1.0,0.0,0.6525096525096525,84.0
other\11.csv,F0,0.99,1,1,0,0.07194444444444445,0.0,1.0,0.0,0.0,128.0
other\11.csv,F0,0.995,1,1,0,0.07194444444444445,0.0,1.0,0.0,0.0,128.0
other\11.csv,F0,0.999,1,1,0,0.07194444444444445,0.0,1.0,0.0,0.0,128.0
other\11.csv,F2,0.9,1,0,1,0.07194444444444445,231.00000000000003,0.0,13.899613899613898,0.8918918918918919,
other\11.csv,F2,0.99,1,0,1,0.07194444444444445,231.00000000000003,0.0,13.899613899613898,0.8918918918918919,
other\11.csv,F2,0.995,1,0,1,0.07194444444444445,231.00000000000003,0.0,13.899613899613898,0.8918918918918919,
other\11.csv,F2,0.999,1,1,0,0.07194444444444445,212.00000000000003,1.0,0.0,0.8185328185328186,-43.0
other\11.csv,F3,0.9,1,1,1,0.07194444444444445,81.0,1.0,13.899613899613898,0.3127413127413127,413.0
other\11.csv,F3,0.99,1,0,0,0.07194444444444445,0.0,0.0,0.0,0.0,
other\11.csv,F3,0.995,1,0,0,0.07194444444444445,0.0,0.0,0.0,0.0,
other\11.csv,F3,0.999,1,0,0,0.07194444444444445,0.0,0.0,0.0,0.0,
other\12.csv,F0,0.9,1,1,0,0.07194444444444445,171.00000000000003,1.0,0.0,0.6602316602316602,80.0
other\12.csv,F0,0.99,1,0,0,0.07194444444444445,0.0,0.0,0.0,0.0,
other\12.csv,F0,0.995,1,0,0,0.07194444444444445,0.0,0.0,0.0,0.0,
other\12.csv,F0,0.999,1,0,0,0.07194444444444445,0.0,0.0,0.0,0.0,
other\12.csv,F2,0.9,1,1,0,0.07194444444444445,171.00000000000003,1.0,0.0,0.6602316602316602,266.0
other\12.csv,F2,0.99,1,0,0,0.07194444444444445,0.0,0.0,0.0,0.0,
other\12.csv,F2,0.995,1,0,0,0.07194444444444445,0.0,0.0,0.0,0.0,
other\12.csv,F2,0.999,1,0,0,0.07194444444444445,0.0,0.0,0.0,0.0,
other\12.csv,F3,0.9,1,0,0,0.07194444444444445,0.0,0.0,0.0,0.0,
other\12.csv,F3,0.99,1,0,0,0.07194444444444445,0.0,0.0,0.0,0.0,
other\12.csv,F3,0.995,1,0,0,0.07194444444444445,0.0,0.0,0.0,0.0,
other\12.csv,F3,0.999,1,0,0,0.07194444444444445,0.0,0.0,0.0,0.0,
other\13.csv,F0,0.9,1,0,0,0.049444444444444444,0.0,0.0,0.0,0.0,
other\13.csv,F0,0.99,1,0,0,0.049444444444444444,0.0,0.0,0.0,0.0,
other\13.csv,F0,0.995,1,0,0,0.049444444444444444,0.0,0.0,0.0,0.0,
other\13.csv,F0,0.999,1,0,0,0.049444444444444444,0.0,0.0,0.0,0.0,
other\13.csv,F2,0.9,1,1,0,0.049444444444444444,0.0,1.0,0.0,0.0,8.0
other\13.csv,F2,0.99,1,0,0,0.049444444444444444,0.0,0.0,0.0,0.0,
other\13.csv,F2,0.995,1,0,0,0.049444444444444444,0.0,0.0,0.0,0.0,
other\13.csv,F2,0.999,1,0,0,0.049444444444444444,0.0,0.0,0.0,0.0,
other\13.csv,F3,0.9,1,1,0,0.049444444444444444,0.0,1.0,0.0,0.0,44.0
other\13.csv,F3,0.99,1,0,0,0.049444444444444444,0.0,0.0,0.0,0.0,
other\13.csv,F3,0.995,1,0,0,0.049444444444444444,0.0,0.0,0.0,0.0,
other\13.csv,F3,0.999,1,0,0,0.049444444444444444,0.0,0.0,0.0,0.0,
other\14.csv,F0,0.9,1,0,0,0.034166666666666665,0.0,0.0,0.0,0.0,
other\14.csv,F0,0.99,1,0,0,0.034166666666666665,0.0,0.0,0.0,0.0,
other\14.csv,F0,0.995,1,0,0,0.034166666666666665,0.0,0.0,0.0,0.0,
other\14.csv,F0,0.999,1,0,0,0.034166666666666665,0.0,0.0,0.0,0.0,
other\14.csv,F2,0.9,1,0,0,0.034166666666666665,0.0,0.0,0.0,0.0,
other\14.csv,F2,0.99,1,0,0,0.034166666666666665,0.0,0.0,0.0,0.0,
other\14.csv,F2,0.995,1,0,0,0.034166666666666665,0.0,0.0,0.0,0.0,
other\14.csv,F2,0.999,1,0,0,0.034166666666666665,0.0,0.0,0.0,0.0,
other\14.csv,F3,0.9,1,0,1,0.034166666666666665,81.0,0.0,29.26829268292683,0.6585365853658537,
other\14.csv,F3,0.99,1,0,1,0.034166666666666665,60.99999999999999,0.0,29.26829268292683,0.4959349593495935,
other\14.csv,F3,0.995,1,0,1,0.034166666666666665,58.99999999999999,0.0,29.26829268292683,0.4796747967479675,
other\14.csv,F3,0.999,1,0,1,0.034166666666666665,58.99999999999999,0.0,29.26829268292683,0.4796747967479675,
other\2.csv,F0,0.9,0,0,0,0.0811111111111111,0.0,0.0,0.0,0.0,
other\2.csv,F0,0.99,0,0,0,0.0811111111111111,0.0,0.0,0.0,0.0,
other\2.csv,F0,0.995,0,0,0,0.0811111111111111,0.0,0.0,0.0,0.0,
other\2.csv,F0,0.999,0,0,0,0.0811111111111111,0.0,0.0,0.0,0.0,
other\2.csv,F2,0.9,0,0,1,0.0811111111111111,156.0,0.0,12.328767123287673,0.5342465753424658,
other\2.csv,F2,0.99,0,0,0,0.0811111111111111,0.0,0.0,0.0,0.0,
other\2.csv,F2,0.995,0,0,0,0.0811111111111111,0.0,0.0,0.0,0.0,
other\2.csv,F2,0.999,0,0,0,0.0811111111111111,0.0,0.0,0.0,0.0,
other\2.csv,F3,0.9,0,0,1,0.0811111111111111,39.99999999999999,0.0,12.328767123287673,0.136986301369863,
other\2.csv,F3,0.99,0,0,0,0.0811111111111111,0.0,0.0,0.0,0.0,
other\2.csv,F3,0.995,0,0,0,0.0811111111111111,0.0,0.0,0.0,0.0,
other\2.csv,F3,0.999,0,0,0,0.0811111111111111,0.0,0.0,0.0,0.0,
other\3.csv,F0,0.9,1,0,0,0.07194444444444445,0.0,0.0,0.0,0.0,
other\3.csv,F0,0.99,1,0,0,0.07194444444444445,0.0,0.0,0.0,0.0,
other\3.csv,F0,0.995,1,0,0,0.07194444444444445,0.0,0.0,0.0,0.0,
other\3.csv,F0,0.999,1,0,0,0.07194444444444445,0.0,0.0,0.0,0.0,
other\3.csv,F2,0.9,1,0,1,0.07194444444444445,60.000000000000014,0.0,13.899613899613898,0.23166023166023167,
other\3.csv,F2,0.99,1,0,0,0.07194444444444445,0.0,0.0,0.0,0.0,
other\3.csv,F2,0.995,1,0,0,0.07194444444444445,0.0,0.0,0.0,0.0,
other\3.csv,F2,0.999,1,0,0,0.07194444444444445,0.0,0.0,0.0,0.0,
other\3.csv,F3,0.9,1,0,1,0.07194444444444445,50.0,0.0,13.899613899613898,0.19305019305019305,
other\3.csv,F3,0.99,1,0,1,0.07194444444444445,48.0,0.0,13.899613899613898,0.18532818532818532,
other\3.csv,F3,0.995,1,0,1,0.07194444444444445,47.0,0.0,13.899613899613898,0.18146718146718147,
other\3.csv,F3,0.999,1,0,1,0.07194444444444445,47.0,0.0,13.899613899613898,0.18146718146718147,
other\4.csv,F0,0.9,1,1,0,0.08777777777777777,0.0,1.0,0.0,0.0,394.0
other\4.csv,F0,0.99,1,0,0,0.08777777777777777,0.0,0.0,0.0,0.0,
other\4.csv,F0,0.995,1,0,0,0.08777777777777777,0.0,0.0,0.0,0.0,
other\4.csv,F0,0.999,1,0,0,0.08777777777777777,0.0,0.0,0.0,0.0,
other\4.csv,F2,0.9,1,0,1,0.08777777777777777,307.0,0.0,11.39240506329114,0.9715189873417721,
other\4.csv,F2,0.99,1,0,1,0.08777777777777777,307.0,0.0,11.39240506329114,0.9715189873417721,
other\4.csv,F2,0.995,1,0,1,0.08777777777777777,307.0,0.0,11.39240506329114,0.9715189873417721,
other\4.csv,F2,0.999,1,0,1,0.08777777777777777,307.0,0.0,11.39240506329114,0.9715189873417721,
other\4.csv,F3,0.9,1,0,0,0.08777777777777777,0.0,0.0,0.0,0.0,
other\4.csv,F3,0.99,1,0,0,0.08777777777777777,0.0,0.0,0.0,0.0,
other\4.csv,F3,0.995,1,0,0,0.08777777777777777,0.0,0.0,0.0,0.0,
other\4.csv,F3,0.999,1,0,0,0.08777777777777777,0.0,0.0,0.0,0.0,
other\5.csv,F0,0.9,1,1,1,0.07361111111111111,68.0,1.0,13.584905660377357,0.25660377358490566,9.0
other\5.csv,F0,0.99,1,1,1,0.07361111111111111,52.00000000000001,1.0,13.584905660377357,0.19622641509433963,9.0
other\5.csv,F0,0.995,1,1,1,0.07361111111111111,52.00000000000001,1.0,13.584905660377357,0.19622641509433963,9.0
other\5.csv,F0,0.999,1,1,1,0.07361111111111111,52.00000000000001,1.0,13.584905660377357,0.19622641509433963,9.0
other\5.csv,F2,0.9,1,1,0,0.07361111111111111,173.0,1.0,0.0,0.6528301886792452,9.0
other\5.csv,F2,0.99,1,1,0,0.07361111111111111,0.0,1.0,0.0,0.0,9.0
other\5.csv,F2,0.995,1,1,0,0.07361111111111111,0.0,1.0,0.0,0.0,9.0
other\5.csv,F2,0.999,1,1,1,0.07361111111111111,118.00000000000001,1.0,13.584905660377357,0.44528301886792454,9.0
other\5.csv,F3,0.9,1,1,1,0.07361111111111111,159.0,1.0,13.584905660377357,0.6,37.0
other\5.csv,F3,0.99,1,1,1,0.07361111111111111,157.0,1.0,13.584905660377357,0.5924528301886792,43.0
other\5.csv,F3,0.995,1,1,1,0.07361111111111111,157.0,1.0,13.584905660377357,0.5924528301886792,51.0
other\5.csv,F3,0.999,1,1,1,0.07361111111111111,157.0,1.0,13.584905660377357,0.5924528301886792,57.0
other\6.csv,F0,0.9,1,1,0,0.07361111111111111,129.0,1.0,0.0,0.4867924528301887,9.0
other\6.csv,F0,0.99,1,1,0,0.07361111111111111,20.0,1.0,0.0,0.07547169811320754,10.0
other\6.csv,F0,0.995,1,0,0,0.07361111111111111,0.0,0.0,0.0,0.0,
other\6.csv,F0,0.999,1,0,0,0.07361111111111111,0.0,0.0,0.0,0.0,
other\6.csv,F2,0.9,1,1,1,0.07361111111111111,37.0,1.0,13.584905660377357,0.13962264150943396,10.0
other\6.csv,F2,0.99,1,1,1,0.07361111111111111,35.0,1.0,13.584905660377357,0.1320754716981132,10.0
other\6.csv,F2,0.995,1,0,1,0.07361111111111111,19.0,0.0,13.584905660377357,0.07169811320754717,
other\6.csv,F2,0.999,1,0,1,0.07361111111111111,19.0,0.0,13.584905660377357,0.07169811320754717,
other\6.csv,F3,0.9,1,1,1,0.07361111111111111,111.0,1.0,13.584905660377357,0.4188679245283019,-40.0
other\6.csv,F3,0.99,1,1,1,0.07361111111111111,111.0,1.0,13.584905660377357,0.4188679245283019,-38.0
other\6.csv,F3,0.995,1,1,1,0.07361111111111111,111.0,1.0,13.584905660377357,0.4188679245283019,-38.0
other\6.csv,F3,0.999,1,1,1,0.07361111111111111,111.0,1.0,13.584905660377357,0.4188679245283019,-38.0
other\7.csv,F0,0.9,1,1,0,0.07305555555555555,171.0,1.0,0.0,0.6501901140684411,10.0
other\7.csv,F0,0.99,1,1,0,0.07305555555555555,0.0,1.0,0.0,0.0,10.0
other\7.csv,F0,0.995,1,1,0,0.07305555555555555,0.0,1.0,0.0,0.0,10.0
other\7.csv,F0,0.999,1,1,0,0.07305555555555555,0.0,1.0,0.0,0.0,10.0
other\7.csv,F2,0.9,1,0,1,0.07305555555555555,245.99999999999997,0.0,13.688212927756654,0.935361216730038,
other\7.csv,F2,0.99,1,0,1,0.07305555555555555,244.99999999999997,0.0,13.688212927756654,0.9315589353612167,
other\7.csv,F2,0.995,1,1,1,0.07305555555555555,208.0,1.0,13.688212927756654,0.7908745247148289,272.0
other\7.csv,F2,0.999,1,1,1,0.07305555555555555,208.0,1.0,13.688212927756654,0.7908745247148289,272.0
other\7.csv,F3,0.9,1,1,0,0.07305555555555555,0.0,1.0,0.0,0.0,288.0
other\7.csv,F3,0.99,1,1,0,0.07305555555555555,0.0,1.0,0.0,0.0,293.0
other\7.csv,F3,0.995,1,1,0,0.07305555555555555,0.0,1.0,0.0,0.0,293.0
other\7.csv,F3,0.999,1,1,0,0.07305555555555555,0.0,1.0,0.0,0.0,293.0
other\8.csv,F0,0.9,1,0,1,0.07333333333333333,166.0,0.0,13.636363636363637,0.6287878787878788,
other\8.csv,F0,0.99,1,0,1,0.07333333333333333,41.0,0.0,13.636363636363637,0.1553030303030303,
other\8.csv,F0,0.995,1,0,1,0.07333333333333333,36.99999999999999,0.0,13.636363636363637,0.14015151515151514,
other\8.csv,F0,0.999,1,0,0,0.07333333333333333,0.0,0.0,0.0,0.0,
other\8.csv,F2,0.9,1,0,1,0.07333333333333333,240.0,0.0,13.636363636363637,0.9090909090909091,
other\8.csv,F2,0.99,1,0,1,0.07333333333333333,240.0,0.0,13.636363636363637,0.9090909090909091,
other\8.csv,F2,0.995,1,0,1,0.07333333333333333,240.0,0.0,13.636363636363637,0.9090909090909091,
other\8.csv,F2,0.999,1,0,1,0.07333333333333333,240.0,0.0,13.636363636363637,0.9090909090909091,
other\8.csv,F3,0.9,1,1,1,0.07333333333333333,15.0,1.0,13.636363636363637,0.056818181818181816,101.0
other\8.csv,F3,0.99,1,0,1,0.07333333333333333,4.0,0.0,13.636363636363637,0.015151515151515152,
other\8.csv,F3,0.995,1,0,1,0.07333333333333333,4.0,0.0,13.636363636363637,0.015151515151515152,
other\8.csv,F3,0.999,1,0,1,0.07333333333333333,3.0,0.0,13.636363636363637,0.011363636363636364,
other\9.csv,F0,0.9,1,1,0,0.07305555555555555,171.0,1.0,0.0,0.6501901140684411,12.0
other\9.csv,F0,0.99,1,1,0,0.07305555555555555,0.0,1.0,0.0,0.0,13.0
other\9.csv,F0,0.995,1,1,0,0.07305555555555555,0.0,1.0,0.0,0.0,13.0
other\9.csv,F0,0.999,1,0,0,0.07305555555555555,0.0,0.0,0.0,0.0,
other\9.csv,F2,0.9,1,1,0,0.07305555555555555,0.0,1.0,0.0,0.0,54.0
other\9.csv,F2,0.99,1,1,0,0.07305555555555555,0.0,1.0,0.0,0.0,54.0
other\9.csv,F2,0.995,1,1,0,0.07305555555555555,0.0,1.0,0.0,0.0,54.0
other\9.csv,F2,0.999,1,1,0,0.07305555555555555,0.0,1.0,0.0,0.0,93.0
other\9.csv,F3,0.9,1,1,0,0.07305555555555555,0.0,1.0,0.0,0.0,67.0
other\9.csv,F3,0.99,1,0,0,0.07305555555555555,0.0,0.0,0.0,0.0,
other\9.csv,F3,0.995,1,0,0,0.07305555555555555,0.0,0.0,0.0,0.0,
other\9.csv,F3,0.999,1,0,0,0.07305555555555555,0.0,0.0,0.0,0.0,
valve1\0.csv,F0,0.9,1,0,0,0.07388888888888889,0.0,0.0,0.0,0.0,
valve1\0.csv,F0,0.99,1,0,0,0.07388888888888889,0.0,0.0,0.0,0.0,
valve1\0.csv,F0,0.995,1,0,0,0.07388888888888889,0.0,0.0,0.0,0.0,
valve1\0.csv,F0,0.999,1,0,0,0.07388888888888889,0.0,0.0,0.0,0.0,
valve1\0.csv,F2,0.9,1,1,1,0.07388888888888889,114.00000000000001,1.0,13.533834586466165,0.42857142857142855,-40.0
valve1\0.csv,F2,0.99,1,1,0,0.07388888888888889,0.0,1.0,0.0,0.0,237.0
valve1\0.csv,F2,0.995,1,1,0,0.07388888888888889,0.0,1.0,0.0,0.0,237.0
valve1\0.csv,F2,0.999,1,0,0,0.07388888888888889,0.0,0.0,0.0,0.0,
valve1\0.csv,F3,0.9,1,1,1,0.07388888888888889,45.0,1.0,13.533834586466165,0.16917293233082706,103.0
valve1\0.csv,F3,0.99,1,1,0,0.07388888888888889,0.0,1.0,0.0,0.0,116.0
valve1\0.csv,F3,0.995,1,1,0,0.07388888888888889,0.0,1.0,0.0,0.0,116.0
valve1\0.csv,F3,0.999,1,1,0,0.07388888888888889,0.0,1.0,0.0,0.0,116.0
valve1\1.csv,F0,0.9,1,0,0,0.07305555555555555,0.0,0.0,0.0,0.0,
valve1\1.csv,F0,0.99,1,0,0,0.07305555555555555,0.0,0.0,0.0,0.0,
valve1\1.csv,F0,0.995,1,0,0,0.07305555555555555,0.0,0.0,0.0,0.0,
valve1\1.csv,F0,0.999,1,0,0,0.07305555555555555,0.0,0.0,0.0,0.0,
valve1\1.csv,F2,0.9,1,0,2,0.07305555555555555,216.0,0.0,27.376425855513308,0.8212927756653993,
valve1\1.csv,F2,0.99,1,1,0,0.07305555555555555,0.0,1.0,0.0,0.0,244.0
valve1\1.csv,F2,0.995,1,0,0,0.07305555555555555,0.0,0.0,0.0,0.0,
valve1\1.csv,F2,0.999,1,0,0,0.07305555555555555,0.0,0.0,0.0,0.0,
valve1\1.csv,F3,0.9,1,1,0,0.07305555555555555,9.0,1.0,0.0,0.034220532319391636,349.0
valve1\1.csv,F3,0.99,1,0,0,0.07305555555555555,0.0,0.0,0.0,0.0,
valve1\1.csv,F3,0.995,1,0,0,0.07305555555555555,0.0,0.0,0.0,0.0,
valve1\1.csv,F3,0.999,1,0,0,0.07305555555555555,0.0,0.0,0.0,0.0,
valve1\10.csv,F0,0.9,1,0,0,0.07361111111111111,0.0,0.0,0.0,0.0,
valve1\10.csv,F0,0.99,1,0,0,0.07361111111111111,0.0,0.0,0.0,0.0,
valve1\10.csv,F0,0.995,1,0,0,0.07361111111111111,0.0,0.0,0.0,0.0,
valve1\10.csv,F0,0.999,1,0,0,0.07361111111111111,0.0,0.0,0.0,0.0,
valve1\10.csv,F2,0.9,1,1,0,0.07361111111111111,0.0,1.0,0.0,0.0,120.0
valve1\10.csv,F2,0.99,1,0,1,0.07361111111111111,67.0,0.0,13.584905660377357,0.2528301886792453,
valve1\10.csv,F2,0.995,1,0,1,0.07361111111111111,67.0,0.0,13.584905660377357,0.2528301886792453,
valve1\10.csv,F2,0.999,1,0,0,0.07361111111111111,0.0,0.0,0.0,0.0,
valve1\10.csv,F3,0.9,1,1,0,0.07361111111111111,0.0,1.0,0.0,0.0,15.0
valve1\10.csv,F3,0.99,1,1,0,0.07361111111111111,0.0,1.0,0.0,0.0,24.0
valve1\10.csv,F3,0.995,1,1,0,0.07361111111111111,0.0,1.0,0.0,0.0,25.0
valve1\10.csv,F3,0.999,1,1,0,0.07361111111111111,0.0,1.0,0.0,0.0,26.0
valve1\11.csv,F0,0.9,1,0,0,0.07277777777777777,0.0,0.0,0.0,0.0,
valve1\11.csv,F0,0.99,1,0,0,0.07277777777777777,0.0,0.0,0.0,0.0,
valve1\11.csv,F0,0.995,1,0,0,0.07277777777777777,0.0,0.0,0.0,0.0,
valve1\11.csv,F0,0.999,1,0,0,0.07277777777777777,0.0,0.0,0.0,0.0,
valve1\11.csv,F2,0.9,1,1,0,0.07277777777777777,0.0,1.0,0.0,0.0,169.0
valve1\11.csv,F2,0.99,1,1,0,0.07277777777777777,6.0,1.0,0.0,0.022900763358778626,366.0
valve1\11.csv,F2,0.995,1,1,0,0.07277777777777777,6.0,1.0,0.0,0.022900763358778626,366.0
valve1\11.csv,F2,0.999,1,1,0,0.07277777777777777,6.0,1.0,0.0,0.022900763358778626,366.0
valve1\11.csv,F3,0.9,1,0,0,0.07277777777777777,0.0,0.0,0.0,0.0,
valve1\11.csv,F3,0.99,1,0,0,0.07277777777777777,0.0,0.0,0.0,0.0,
valve1\11.csv,F3,0.995,1,0,0,0.07277777777777777,0.0,0.0,0.0,0.0,
valve1\11.csv,F3,0.999,1,0,0,0.07277777777777777,0.0,0.0,0.0,0.0,
valve1\12.csv,F0,0.9,1,0,0,0.0725,0.0,0.0,0.0,0.0,
valve1\12.csv,F0,0.99,1,0,0,0.0725,0.0,0.0,0.0,0.0,
valve1\12.csv,F0,0.995,1,0,0,0.0725,0.0,0.0,0.0,0.0,
valve1\12.csv,F0,0.999,1,0,0,0.0725,0.0,0.0,0.0,0.0,
valve1\12.csv,F2,0.9,1,1,1,0.0725,60.99999999999999,1.0,13.793103448275863,0.23371647509578544,11.0
valve1\12.csv,F2,0.99,1,1,1,0.0725,48.0,1.0,13.793103448275863,0.1839080459770115,13.0
valve1\12.csv,F2,0.995,1,1,0,0.0725,0.0,1.0,0.0,0.0,32.0
valve1\12.csv,F2,0.999,1,1,0,0.0725,0.0,1.0,0.0,0.0,32.0
valve1\12.csv,F3,0.9,1,0,1,0.0725,81.0,0.0,13.793103448275863,0.3103448275862069,
valve1\12.csv,F3,0.99,1,0,1,0.0725,65.0,0.0,13.793103448275863,0.24904214559386972,
valve1\12.csv,F3,0.995,1,0,1,0.0725,63.999999999999986,0.0,13.793103448275863,0.24521072796934865,
valve1\12.csv,F3,0.999,1,0,1,0.0725,62.0,0.0,13.793103448275863,0.23754789272030652,
valve1\13.csv,F0,0.9,1,0,0,0.0725,0.0,0.0,0.0,0.0,
valve1\13.csv,F0,0.99,1,0,0,0.0725,0.0,0.0,0.0,0.0,
valve1\13.csv,F0,0.995,1,0,0,0.0725,0.0,0.0,0.0,0.0,
valve1\13.csv,F0,0.999,1,0,0,0.0725,0.0,0.0,0.0,0.0,
valve1\13.csv,F2,0.9,1,0,1,0.0725,63.999999999999986,0.0,13.793103448275863,0.24521072796934865,
valve1\13.csv,F2,0.99,1,1,0,0.0725,0.0,1.0,0.0,0.0,184.0
valve1\13.csv,F2,0.995,1,1,0,0.0725,0.0,1.0,0.0,0.0,184.0
valve1\13.csv,F2,0.999,1,1,0,0.0725,0.0,1.0,0.0,0.0,184.0
valve1\13.csv,F3,0.9,1,0,1,0.0725,51.0,0.0,13.793103448275863,0.19540229885057472,
valve1\13.csv,F3,0.99,1,0,1,0.0725,12.0,0.0,13.793103448275863,0.04597701149425287,
valve1\13.csv,F3,0.995,1,0,1,0.0725,12.0,0.0,13.793103448275863,0.04597701149425287,
valve1\13.csv,F3,0.999,1,0,1,0.0725,10.999999999999998,0.0,13.793103448275863,0.0421455938697318,
valve1\14.csv,F0,0.9,1,0,0,0.07222222222222222,0.0,0.0,0.0,0.0,
valve1\14.csv,F0,0.99,1,0,0,0.07222222222222222,0.0,0.0,0.0,0.0,
valve1\14.csv,F0,0.995,1,0,0,0.07222222222222222,0.0,0.0,0.0,0.0,
valve1\14.csv,F0,0.999,1,0,0,0.07222222222222222,0.0,0.0,0.0,0.0,
valve1\14.csv,F2,0.9,1,1,1,0.07222222222222222,42.99999999999999,1.0,13.846153846153847,0.16538461538461538,5.0
valve1\14.csv,F2,0.99,1,1,1,0.07222222222222222,40.99999999999999,1.0,13.846153846153847,0.1576923076923077,153.0
valve1\14.csv,F2,0.995,1,1,1,0.07222222222222222,40.0,1.0,13.846153846153847,0.15384615384615385,153.0
valve1\14.csv,F2,0.999,1,1,1,0.07222222222222222,38.0,1.0,13.846153846153847,0.14615384615384616,153.0
valve1\14.csv,F3,0.9,1,1,0,0.07222222222222222,0.0,1.0,0.0,0.0,29.0
valve1\14.csv,F3,0.99,1,1,0,0.07222222222222222,0.0,1.0,0.0,0.0,334.0
valve1\14.csv,F3,0.995,1,1,0,0.07222222222222222,0.0,1.0,0.0,0.0,335.0
valve1\14.csv,F3,0.999,1,0,0,0.07222222222222222,0.0,0.0,0.0,0.0,
valve1\15.csv,F0,0.9,1,0,0,0.07388888888888889,0.0,0.0,0.0,0.0,
valve1\15.csv,F0,0.99,1,0,0,0.07388888888888889,0.0,0.0,0.0,0.0,
valve1\15.csv,F0,0.995,1,0,0,0.07388888888888889,0.0,0.0,0.0,0.0,
valve1\15.csv,F0,0.999,1,0,0,0.07388888888888889,0.0,0.0,0.0,0.0,
valve1\15.csv,F2,0.9,1,1,0,0.07388888888888889,224.0,1.0,0.0,0.8421052631578947,-52.0
valve1\15.csv,F2,0.99,1,1,0,0.07388888888888889,45.0,1.0,0.0,0.16917293233082706,-52.0
valve1\15.csv,F2,0.995,1,0,0,0.07388888888888889,0.0,0.0,0.0,0.0,
valve1\15.csv,F2,0.999,1,0,0,0.07388888888888889,0.0,0.0,0.0,0.0,
valve1\15.csv,F3,0.9,1,1,0,0.07388888888888889,27.0,1.0,0.0,0.10150375939849623,-27.0
valve1\15.csv,F3,0.99,1,1,0,0.07388888888888889,25.0,1.0,0.0,0.09398496240601503,-25.0
valve1\15.csv,F3,0.995,1,1,0,0.07388888888888889,25.0,1.0,0.0,0.09398496240601503,-25.0
valve1\15.csv,F3,0.999,1,1,0,0.07388888888888889,24.0,1.0,0.0,0.09022556390977443,-24.0
valve1\2.csv,F0,0.9,1,0,0,0.07166666666666667,0.0,0.0,0.0,0.0,
valve1\2.csv,F0,0.99,1,0,0,0.07166666666666667,0.0,0.0,0.0,0.0,
valve1\2.csv,F0,0.995,1,0,0,0.07166666666666667,0.0,0.0,0.0,0.0,
valve1\2.csv,F0,0.999,1,0,0,0.07166666666666667,0.0,0.0,0.0,0.0,
valve1\2.csv,F2,0.9,1,1,1,0.07166666666666667,152.00000000000003,1.0,13.953488372093023,0.5891472868217055,-49.0
valve1\2.csv,F2,0.99,1,0,0,0.07166666666666667,0.0,0.0,0.0,0.0,
valve1\2.csv,F2,0.995,1,0,0,0.07166666666666667,0.0,0.0,0.0,0.0,
valve1\2.csv,F2,0.999,1,0,0,0.07166666666666667,0.0,0.0,0.0,0.0,
valve1\2.csv,F3,0.9,1,0,0,0.07166666666666667,0.0,0.0,0.0,0.0,
valve1\2.csv,F3,0.99,1,0,0,0.07166666666666667,0.0,0.0,0.0,0.0,
valve1\2.csv,F3,0.995,1,0,0,0.07166666666666667,0.0,0.0,0.0,0.0,
valve1\2.csv,F3,0.999,1,0,0,0.07166666666666667,0.0,0.0,0.0,0.0,
valve1\3.csv,F0,0.9,1,0,0,0.07333333333333333,0.0,0.0,0.0,0.0,
valve1\3.csv,F0,0.99,1,0,0,0.07333333333333333,0.0,0.0,0.0,0.0,
valve1\3.csv,F0,0.995,1,0,0,0.07333333333333333,0.0,0.0,0.0,0.0,
valve1\3.csv,F0,0.999,1,0,0,0.07333333333333333,0.0,0.0,0.0,0.0,
valve1\3.csv,F2,0.9,1,1,0,0.07333333333333333,56.00000000000001,1.0,0.0,0.21212121212121213,-28.0
valve1\3.csv,F2,0.99,1,1,1,0.07333333333333333,33.0,1.0,13.636363636363637,0.125,-27.0
valve1\3.csv,F2,0.995,1,1,1,0.07333333333333333,33.0,1.0,13.636363636363637,0.125,-27.0
valve1\3.csv,F2,0.999,1,1,1,0.07333333333333333,33.0,1.0,13.636363636363637,0.125,-27.0
valve1\3.csv,F3,0.9,1,0,0,0.07333333333333333,0.0,0.0,0.0,0.0,
valve1\3.csv,F3,0.99,1,0,0,0.07333333333333333,0.0,0.0,0.0,0.0,
valve1\3.csv,F3,0.995,1,0,0,0.07333333333333333,0.0,0.0,0.0,0.0,
valve1\3.csv,F3,0.999,1,0,0,0.07333333333333333,0.0,0.0,0.0,0.0,
valve1\4.csv,F0,0.9,1,0,0,0.07388888888888889,0.0,0.0,0.0,0.0,
valve1\4.csv,F0,0.99,1,0,0,0.07388888888888889,0.0,0.0,0.0,0.0,
valve1\4.csv,F0,0.995,1,0,0,0.07388888888888889,0.0,0.0,0.0,0.0,
valve1\4.csv,F0,0.999,1,0,0,0.07388888888888889,0.0,0.0,0.0,0.0,
valve1\4.csv,F2,0.9,1,0,2,0.07388888888888889,161.0,0.0,27.06766917293233,0.6052631578947368,
valve1\4.csv,F2,0.99,1,1,1,0.07388888888888889,70.0,1.0,13.533834586466165,0.2631578947368421,-25.0
valve1\4.csv,F2,0.995,1,1,1,0.07388888888888889,70.0,1.0,13.533834586466165,0.2631578947368421,-25.0
valve1\4.csv,F2,0.999,1,1,1,0.07388888888888889,44.0,1.0,13.533834586466165,0.16541353383458646,-2.0
valve1\4.csv,F3,0.9,1,0,0,0.07388888888888889,0.0,0.0,0.0,0.0,
valve1\4.csv,F3,0.99,1,0,0,0.07388888888888889,0.0,0.0,0.0,0.0,
valve1\4.csv,F3,0.995,1,0,0,0.07388888888888889,0.0,0.0,0.0,0.0,
valve1\4.csv,F3,0.999,1,0,0,0.07388888888888889,0.0,0.0,0.0,0.0,
valve1\5.csv,F0,0.9,1,0,0,0.07527777777777778,0.0,0.0,0.0,0.0,
valve1\5.csv,F0,0.99,1,0,0,0.07527777777777778,0.0,0.0,0.0,0.0,
valve1\5.csv,F0,0.995,1,0,0,0.07527777777777778,0.0,0.0,0.0,0.0,
valve1\5.csv,F0,0.999,1,0,0,0.07527777777777778,0.0,0.0,0.0,0.0,
valve1\5.csv,F2,0.9,1,0,0,0.07527777777777778,0.0,0.0,0.0,0.0,
valve1\5.csv,F2,0.99,1,0,0,0.07527777777777778,0.0,0.0,0.0,0.0,
valve1\5.csv,F2,0.995,1,0,0,0.07527777777777778,0.0,0.0,0.0,0.0,
valve1\5.csv,F2,0.999,1,0,0,0.07527777777777778,0.0,0.0,0.0,0.0,
valve1\5.csv,F3,0.9,1,0,0,0.07527777777777778,0.0,0.0,0.0,0.0,
valve1\5.csv,F3,0.99,1,0,0,0.07527777777777778,0.0,0.0,0.0,0.0,
valve1\5.csv,F3,0.995,1,0,0,0.07527777777777778,0.0,0.0,0.0,0.0,
valve1\5.csv,F3,0.999,1,0,0,0.07527777777777778,0.0,0.0,0.0,0.0,
valve1\6.csv,F0,0.9,1,0,0,0.07472222222222222,0.0,0.0,0.0,0.0,
valve1\6.csv,F0,0.99,1,0,0,0.07472222222222222,0.0,0.0,0.0,0.0,
valve1\6.csv,F0,0.995,1,0,0,0.07472222222222222,0.0,0.0,0.0,0.0,
valve1\6.csv,F0,0.999,1,0,0,0.07472222222222222,0.0,0.0,0.0,0.0,
valve1\6.csv,F2,0.9,1,1,0,0.07472222222222222,0.0,1.0,0.0,0.0,54.0
valve1\6.csv,F2,0.99,1,0,0,0.07472222222222222,0.0,0.0,0.0,0.0,
valve1\6.csv,F2,0.995,1,0,0,0.07472222222222222,0.0,0.0,0.0,0.0,
valve1\6.csv,F2,0.999,1,0,0,0.07472222222222222,0.0,0.0,0.0,0.0,
valve1\6.csv,F3,0.9,1,0,0,0.07472222222222222,0.0,0.0,0.0,0.0,
valve1\6.csv,F3,0.99,1,0,0,0.07472222222222222,0.0,0.0,0.0,0.0,
valve1\6.csv,F3,0.995,1,0,0,0.07472222222222222,0.0,0.0,0.0,0.0,
valve1\6.csv,F3,0.999,1,0,0,0.07472222222222222,0.0,0.0,0.0,0.0,
valve1\7.csv,F0,0.9,1,0,0,0.058055555555555555,0.0,0.0,0.0,0.0,
valve1\7.csv,F0,0.99,1,0,0,0.058055555555555555,0.0,0.0,0.0,0.0,
valve1\7.csv,F0,0.995,1,0,0,0.058055555555555555,0.0,0.0,0.0,0.0,
valve1\7.csv,F0,0.999,1,0,0,0.058055555555555555,0.0,0.0,0.0,0.0,
valve1\7.csv,F2,0.9,1,1,1,0.058055555555555555,32.0,1.0,17.22488038277512,0.15311004784688995,6.0
valve1\7.csv,F2,0.99,1,1,1,0.058055555555555555,49.0,1.0,17.22488038277512,0.23444976076555024,42.0
valve1\7.csv,F2,0.995,1,1,1,0.058055555555555555,49.0,1.0,17.22488038277512,0.23444976076555024,48.0
valve1\7.csv,F2,0.999,1,1,1,0.058055555555555555,49.0,1.0,17.22488038277512,0.23444976076555024,48.0
valve1\7.csv,F3,0.9,1,0,0,0.058055555555555555,0.0,0.0,0.0,0.0,
valve1\7.csv,F3,0.99,1,0,0,0.058055555555555555,0.0,0.0,0.0,0.0,
valve1\7.csv,F3,0.995,1,0,0,0.058055555555555555,0.0,0.0,0.0,0.0,
valve1\7.csv,F3,0.999,1,0,0,0.058055555555555555,0.0,0.0,0.0,0.0,
valve1\8.csv,F0,0.9,1,0,0,0.07333333333333333,0.0,0.0,0.0,0.0,
valve1\8.csv,F0,0.99,1,0,0,0.07333333333333333,0.0,0.0,0.0,0.0,
valve1\8.csv,F0,0.995,1,0,0,0.07333333333333333,0.0,0.0,0.0,0.0,
valve1\8.csv,F0,0.999,1,0,0,0.07333333333333333,0.0,0.0,0.0,0.0,
valve1\8.csv,F2,0.9,1,1,0,0.07333333333333333,171.99999999999997,1.0,0.0,0.6515151515151515,43.0
valve1\8.csv,F2,0.99,1,0,1,0.07333333333333333,102.0,0.0,13.636363636363637,0.38636363636363635,
valve1\8.csv,F2,0.995,1,0,1,0.07333333333333333,102.0,0.0,13.636363636363637,0.38636363636363635,
valve1\8.csv,F2,0.999,1,0,1,0.07333333333333333,102.0,0.0,13.636363636363637,0.38636363636363635,
valve1\8.csv,F3,0.9,1,1,0,0.07333333333333333,0.0,1.0,0.0,0.0,63.0
valve1\8.csv,F3,0.99,1,1,0,0.07333333333333333,0.0,1.0,0.0,0.0,160.0
valve1\8.csv,F3,0.995,1,1,0,0.07333333333333333,2.0,1.0,0.0,0.007575757575757576,347.0
valve1\8.csv,F3,0.999,1,1,0,0.07333333333333333,0.0,1.0,0.0,0.0,350.0
valve1\9.csv,F0,0.9,1,0,0,0.07388888888888889,0.0,0.0,0.0,0.0,
valve1\9.csv,F0,0.99,1,0,0,0.07388888888888889,0.0,0.0,0.0,0.0,
valve1\9.csv,F0,0.995,1,0,0,0.07388888888888889,0.0,0.0,0.0,0.0,
valve1\9.csv,F0,0.999,1,0,0,0.07388888888888889,0.0,0.0,0.0,0.0,
valve1\9.csv,F2,0.9,1,1,0,0.07388888888888889,44.0,1.0,0.0,0.16541353383458646,2.0
valve1\9.csv,F2,0.99,1,1,0,0.07388888888888889,0.0,1.0,0.0,0.0,22.0
valve1\9.csv,F2,0.995,1,1,0,0.07388888888888889,0.0,1.0,0.0,0.0,22.0
valve1\9.csv,F2,0.999,1,1,0,0.07388888888888889,0.0,1.0,0.0,0.0,22.0
valve1\9.csv,F3,0.9,1,0,2,0.07388888888888889,104.0,0.0,27.06766917293233,0.39097744360902253,
valve1\9.csv,F3,0.99,1,1,1,0.07388888888888889,27.0,1.0,13.533834586466165,0.10150375939849623,192.0
valve1\9.csv,F3,0.995,1,1,1,0.07388888888888889,28.0,1.0,13.533834586466165,0.10526315789473684,192.0
valve1\9.csv,F3,0.999,1,1,1,0.07388888888888889,28.0,1.0,13.533834586466165,0.10526315789473684,193.0
valve2\0.csv,F0,0.9,1,0,0,0.06972222222222223,0.0,0.0,0.0,0.0,
valve2\0.csv,F0,0.99,1,0,0,0.06972222222222223,0.0,0.0,0.0,0.0,
valve2\0.csv,F0,0.995,1,0,0,0.06972222222222223,0.0,0.0,0.0,0.0,
valve2\0.csv,F0,0.999,1,0,0,0.06972222222222223,0.0,0.0,0.0,0.0,
valve2\0.csv,F2,0.9,1,1,0,0.06972222222222223,0.0,1.0,0.0,0.0,239.0
valve2\0.csv,F2,0.99,1,0,0,0.06972222222222223,0.0,0.0,0.0,0.0,
valve2\0.csv,F2,0.995,1,0,0,0.06972222222222223,0.0,0.0,0.0,0.0,
valve2\0.csv,F2,0.999,1,0,0,0.06972222222222223,0.0,0.0,0.0,0.0,
valve2\0.csv,F3,0.9,1,1,0,0.06972222222222223,0.0,1.0,0.0,0.0,269.0
valve2\0.csv,F3,0.99,1,1,0,0.06972222222222223,0.0,1.0,0.0,0.0,276.0
valve2\0.csv,F3,0.995,1,1,0,0.06972222222222223,0.0,1.0,0.0,0.0,277.0
valve2\0.csv,F3,0.999,1,1,0,0.06972222222222223,0.0,1.0,0.0,0.0,277.0
valve2\1.csv,F0,0.9,1,0,0,0.06944444444444445,0.0,0.0,0.0,0.0,
valve2\1.csv,F0,0.99,1,0,0,0.06944444444444445,0.0,0.0,0.0,0.0,
valve2\1.csv,F0,0.995,1,0,0,0.06944444444444445,0.0,0.0,0.0,0.0,
valve2\1.csv,F0,0.999,1,0,0,0.06944444444444445,0.0,0.0,0.0,0.0,
valve2\1.csv,F2,0.9,1,1,0,0.06944444444444445,0.0,1.0,0.0,0.0,43.0
valve2\1.csv,F2,0.99,1,0,0,0.06944444444444445,0.0,0.0,0.0,0.0,
valve2\1.csv,F2,0.995,1,0,0,0.06944444444444445,0.0,0.0,0.0,0.0,
valve2\1.csv,F2,0.999,1,0,0,0.06944444444444445,0.0,0.0,0.0,0.0,
valve2\1.csv,F3,0.9,1,0,1,0.06944444444444445,56.00000000000001,0.0,14.399999999999999,0.224,
valve2\1.csv,F3,0.99,1,0,1,0.06944444444444445,42.0,0.0,14.399999999999999,0.168,
valve2\1.csv,F3,0.995,1,0,1,0.06944444444444445,42.0,0.0,14.399999999999999,0.168,
valve2\1.csv,F3,0.999,1,0,1,0.06944444444444445,42.0,0.0,14.399999999999999,0.168,
valve2\2.csv,F0,0.9,1,0,0,0.07055555555555555,0.0,0.0,0.0,0.0,
valve2\2.csv,F0,0.99,1,0,0,0.07055555555555555,0.0,0.0,0.0,0.0,
valve2\2.csv,F0,0.995,1,0,0,0.07055555555555555,0.0,0.0,0.0,0.0,
valve2\2.csv,F0,0.999,1,0,0,0.07055555555555555,0.0,0.0,0.0,0.0,
valve2\2.csv,F2,0.9,1,1,0,0.07055555555555555,58.0,1.0,0.0,0.2283464566929134,-58.0
valve2\2.csv,F2,0.99,1,1,0,0.07055555555555555,43.99999999999999,1.0,0.0,0.1732283464566929,-45.0
valve2\2.csv,F2,0.995,1,1,0,0.07055555555555555,43.99999999999999,1.0,0.0,0.1732283464566929,-45.0
valve2\2.csv,F2,0.999,1,1,0,0.07055555555555555,43.99999999999999,1.0,0.0,0.1732283464566929,-45.0
valve2\2.csv,F3,0.9,1,0,1,0.07055555555555555,40.99999999999999,0.0,14.173228346456694,0.16141732283464566,
valve2\2.csv,F3,0.99,1,0,0,0.07055555555555555,0.0,0.0,0.0,0.0,
valve2\2.csv,F3,0.995,1,0,0,0.07055555555555555,0.0,0.0,0.0,0.0,
valve2\2.csv,F3,0.999,1,0,0,0.07055555555555555,0.0,0.0,0.0,0.0,
valve2\3.csv,F0,0.9,1,0,0,0.03333333333333333,0.0,0.0,0.0,0.0,
valve2\3.csv,F0,0.99,1,0,0,0.03333333333333333,0.0,0.0,0.0,0.0,
valve2\3.csv,F0,0.995,1,0,0,0.03333333333333333,0.0,0.0,0.0,0.0,
valve2\3.csv,F0,0.999,1,0,0,0.03333333333333333,0.0,0.0,0.0,0.0,
valve2\3.csv,F2,0.9,1,1,0,0.03333333333333333,41.99999999999999,1.0,0.0,0.35,-9.0
valve2\3.csv,F2,0.99,1,1,0,0.03333333333333333,0.0,1.0,0.0,0.0,53.0
valve2\3.csv,F2,0.995,1,0,0,0.03333333333333333,0.0,0.0,0.0,0.0,
valve2\3.csv,F2,0.999,1,0,0,0.03333333333333333,0.0,0.0,0.0,0.0,
valve2\3.csv,F3,0.9,1,0,0,0.03333333333333333,0.0,0.0,0.0,0.0,
valve2\3.csv,F3,0.99,1,0,0,0.03333333333333333,0.0,0.0,0.0,0.0,
valve2\3.csv,F3,0.995,1,0,0,0.03333333333333333,0.0,0.0,0.0,0.0,
valve2\3.csv,F3,0.999,1,0,0,0.03333333333333333,0.0,0.0,0.0,0.0,
