events,hit,recall,fp_events,healthy_hours,fp_per_hour,time_in_alarm,delay_median,file,method,cal_mode,flagged,cal_len
1,0,0.0,0,0.05138888888888889,0.0,0.0,,other\1.csv,F0,mid,0,252
1,0,0.0,0,0.05138888888888889,0.0,0.0,,other\1.csv,F2,mid,0,252
1,1,1.0,0,0.05138888888888889,0.0,0.7405405405405405,-137.0,other\1.csv,F3,mid,0,252
1,0,0.0,0,0.0475,0.0,0.0,,other\10.csv,F0,mid,1,543
1,1,1.0,0,0.0475,0.0,0.0,105.0,other\10.csv,F2,mid,1,543
1,1,1.0,0,0.0475,0.0,0.0,-3.0,other\10.csv,F3,mid,1,543
1,0,0.0,0,0.04694444444444444,0.0,0.0,,other\11.csv,F0,mid,1,475
1,1,1.0,0,0.04694444444444444,0.0,0.0,6.0,other\11.csv,F2,mid,1,475
1,1,1.0,0,0.04694444444444444,0.0,0.0,28.0,other\11.csv,F3,mid,1,475
1,0,0.0,0,0.059722222222222225,0.0,0.0,,other\12.csv,F0,mid,0,404
1,0,0.0,0,0.059722222222222225,0.0,0.0,,other\12.csv,F2,mid,0,404
1,1,1.0,1,0.059722222222222225,16.744186046511626,0.7162790697674418,-1.0,other\12.csv,F3,mid,0,404
1,0,0.0,0,0.05472222222222222,0.0,0.0,,other\13.csv,F0,mid,0,341
1,1,1.0,1,0.05472222222222222,18.274111675126903,0.350253807106599,9.0,other\13.csv,F2,mid,0,341
1,1,1.0,0,0.05472222222222222,0.0,0.17258883248730963,-36.0,other\13.csv,F3,mid,0,341
1,0,0.0,0,0.041944444444444444,0.0,0.0,,other\14.csv,F0,mid,0,332
1,0,0.0,1,0.041944444444444444,23.841059602649008,0.0,,other\14.csv,F2,mid,0,332
1,0,0.0,1,0.041944444444444444,23.841059602649008,0.5496688741721855,,other\14.csv,F3,mid,0,332
1,0,0.0,0,0.0811111111111111,0.0,0.0,,other\2.csv,F0,mid,1,270
1,0,0.0,0,0.0811111111111111,0.0,0.0,,other\2.csv,F2,mid,1,270
1,1,1.0,0,0.0811111111111111,0.0,1.0,30.0,other\2.csv,F3,mid,1,270
1,0,0.0,0,0.0475,0.0,0.0,,other\3.csv,F0,mid,0,448
1,0,0.0,1,0.0475,21.05263157894737,0.0,,other\3.csv,F2,mid,0,448
1,0,0.0,0,0.0475,0.0,0.0,,other\3.csv,F3,mid,0,448
1,0,0.0,0,0.05583333333333333,0.0,0.0,,other\4.csv,F0,mid,0,475
1,0,0.0,0,0.05583333333333333,0.0,0.0,,other\4.csv,F2,mid,0,475
1,1,1.0,1,0.05583333333333333,17.910447761194032,0.35323383084577115,363.0,other\4.csv,F3,mid,0,475
1,0,0.0,0,0.04805555555555555,0.0,0.0,,other\5.csv,F0,mid,1,457
1,1,1.0,1,0.04805555555555555,20.809248554913296,0.6878612716763006,-1.0,other\5.csv,F2,mid,1,457
1,1,1.0,1,0.04805555555555555,20.809248554913296,0.9942196531791907,-3.0,other\5.csv,F3,mid,1,457
1,0,0.0,0,0.04777777777777778,0.0,0.0,,other\6.csv,F0,mid,0,453
1,0,0.0,1,0.04777777777777778,20.930232558139533,0.16279069767441862,,other\6.csv,F2,mid,0,453
1,1,1.0,1,0.04777777777777778,20.930232558139533,0.31976744186046513,124.0,other\6.csv,F3,mid,0,453
1,1,1.0,0,0.055,0.0,0.0,1.0,other\7.csv,F0,mid,0,425
1,1,1.0,1,0.055,18.181818181818183,0.8787878787878788,-3.0,other\7.csv,F2,mid,0,425
1,1,1.0,0,0.055,0.0,0.0,122.0,other\7.csv,F3,mid,0,425
1,1,1.0,0,0.04777777777777778,0.0,0.22674418604651161,400.0,other\8.csv,F0,mid,1,453
1,1,1.0,1,0.04777777777777778,20.930232558139533,1.0,0.0,other\8.csv,F2,mid,1,453
1,1,1.0,1,0.04777777777777778,20.930232558139533,0.08139534883720931,97.0,other\8.csv,F3,mid,1,453
1,1,1.0,0,0.0475,0.0,0.0,4.0,other\9.csv,F0,mid,0,452
1,1,1.0,0,0.0475,0.0,0.0,45.0,other\9.csv,F2,mid,0,452
1,0,0.0,1,0.0475,21.05263157894737,0.36257309941520466,,other\9.csv,F3,mid,0,452
1,0,0.0,0,0.04805555555555555,0.0,0.0,,valve1\0.csv,F0,mid,0,453
1,1,1.0,0,0.04805555555555555,0.0,0.0,228.0,valve1\0.csv,F2,mid,0,453
1,1,1.0,0,0.04805555555555555,0.0,0.0,105.0,valve1\0.csv,F3,mid,0,453
1,0,0.0,0,0.0475,0.0,0.0,,valve1\1.csv,F0,mid,0,452
1,0,0.0,1,0.0475,21.05263157894737,0.0,,valve1\1.csv,F2,mid,0,452
1,1,1.0,0,0.0475,0.0,0.0,226.0,valve1\1.csv,F3,mid,0,452
1,0,0.0,0,0.04777777777777778,0.0,0.0,,valve1\10.csv,F0,mid,0,453
1,0,0.0,1,0.04777777777777778,20.930232558139533,0.27325581395348836,,valve1\10.csv,F2,mid,0,453
1,1,1.0,1,0.04777777777777778,20.930232558139533,0.25,5.0,valve1\10.csv,F3,mid,0,453
1,0,0.0,0,0.04777777777777778,0.0,0.0,,valve1\11.csv,F0,mid,0,450
1,1,1.0,0,0.04777777777777778,0.0,0.03488372093023256,357.0,valve1\11.csv,F2,mid,0,450
1,1,1.0,1,0.04777777777777778,20.930232558139533,0.27906976744186046,98.0,valve1\11.csv,F3,mid,0,450
1,0,0.0,0,0.0475,0.0,0.0,,valve1\12.csv,F0,mid,0,450
1,1,1.0,0,0.0475,0.0,0.0,24.0,valve1\12.csv,F2,mid,0,450
1,0,0.0,0,0.0475,0.0,0.0,,valve1\12.csv,F3,mid,0,450
1,0,0.0,0,0.0475,0.0,0.0,,valve1\13.csv,F0,mid,0,450
1,1,1.0,0,0.0475,0.0,0.0,175.0,valve1\13.csv,F2,mid,0,450
1,1,1.0,1,0.0475,21.05263157894737,0.23391812865497075,81.0,valve1\13.csv,F3,mid,0,450
1,0,0.0,0,0.0475,0.0,0.0,,valve1\14.csv,F0,mid,0,449
1,1,1.0,1,0.0475,21.05263157894737,0.29239766081871343,144.0,valve1\14.csv,F2,mid,0,449
1,1,1.0,1,0.0475,21.05263157894737,0.3742690058479532,8.0,valve1\14.csv,F3,mid,0,449
1,0,0.0,0,0.04777777777777778,0.0,0.0,,valve1\15.csv,F0,mid,1,455
1,0,0.0,1,0.04777777777777778,20.930232558139533,0.0,,valve1\15.csv,F2,mid,1,455
1,0,0.0,0,0.04777777777777778,0.0,0.0,,valve1\15.csv,F3,mid,1,455
1,0,0.0,0,0.05583333333333333,0.0,0.0,,valve1\2.csv,F0,mid,0,417
1,0,0.0,1,0.05583333333333333,17.910447761194032,0.0,,valve1\2.csv,F2,mid,0,417
1,0,0.0,0,0.05583333333333333,0.0,0.0,,valve1\2.csv,F3,mid,0,417
1,0,0.0,0,0.0475,0.0,0.0,,valve1\3.csv,F0,mid,1,454
1,0,0.0,0,0.0475,0.0,0.0,,valve1\3.csv,F2,mid,1,454
1,1,1.0,1,0.0475,21.05263157894737,0.30409356725146197,3.0,valve1\3.csv,F3,mid,1,454
1,0,0.0,0,0.05527777777777778,0.0,0.0,,valve1\4.csv,F0,mid,0,427
1,1,1.0,2,0.05527777777777778,36.18090452261306,0.2562814070351759,-11.0,valve1\4.csv,F2,mid,0,427
1,1,1.0,0,0.05527777777777778,0.0,0.005025125628140704,301.0,valve1\4.csv,F3,mid,0,427
1,0,0.0,0,0.04833333333333333,0.0,0.0,,valve1\5.csv,F0,mid,0,457
1,0,0.0,0,0.04833333333333333,0.0,0.0,,valve1\5.csv,F2,mid,0,457
1,1,1.0,1,0.04833333333333333,20.689655172413794,0.4367816091954023,83.0,valve1\5.csv,F3,mid,0,457
1,0,0.0,0,0.04805555555555555,0.0,0.0,,valve1\6.csv,F0,mid,1,457
1,0,0.0,0,0.04805555555555555,0.0,0.0,,valve1\6.csv,F2,mid,1,457
1,1,1.0,0,0.04805555555555555,0.0,0.0,110.0,valve1\6.csv,F3,mid,1,457
1,0,0.0,0,0.03944444444444444,0.0,0.0,,valve1\7.csv,F0,mid,0,427
1,1,1.0,1,0.03944444444444444,25.35211267605634,0.4084507042253521,39.0,valve1\7.csv,F2,mid,0,427
1,1,1.0,0,0.03944444444444444,0.0,0.7183098591549296,-27.0,valve1\7.csv,F3,mid,0,427
1,0,0.0,0,0.04777777777777778,0.0,0.0,,valve1\8.csv,F0,mid,0,452
1,0,0.0,1,0.04777777777777778,20.930232558139533,0.6453488372093024,,valve1\8.csv,F2,mid,0,452
1,1,1.0,0,0.04777777777777778,0.0,0.0,43.0,valve1\8.csv,F3,mid,0,452
1,0,0.0,0,0.04777777777777778,0.0,0.0,,valve1\9.csv,F0,mid,0,454
1,0,0.0,0,0.04777777777777778,0.0,0.0,,valve1\9.csv,F2,mid,0,454
1,1,1.0,1,0.04777777777777778,20.930232558139533,0.22093023255813954,182.0,valve1\9.csv,F3,mid,0,454
1,0,0.0,0,0.04694444444444444,0.0,0.0,,valve2\0.csv,F0,mid,0,442
1,0,0.0,0,0.04694444444444444,0.0,0.0,,valve2\0.csv,F2,mid,0,442
1,1,1.0,0,0.04694444444444444,0.0,0.0,251.0,valve2\0.csv,F3,mid,0,442
1,0,0.0,0,0.05527777777777778,0.0,0.0,,valve2\1.csv,F0,mid,0,411
1,0,0.0,0,0.05527777777777778,0.0,0.0,,valve2\1.csv,F2,mid,0,411
1,0,0.0,1,0.05527777777777778,18.09045226130653,0.22110552763819097,,valve2\1.csv,F3,mid,0,411
1,0,0.0,0,0.04722222222222222,0.0,0.0,,valve2\2.csv,F0,mid,0,444
1,0,0.0,0,0.04722222222222222,0.0,0.0,,valve2\2.csv,F2,mid,0,444
1,0,0.0,0,0.04722222222222222,0.0,0.0,,valve2\2.csv,F3,mid,0,444
1,0,0.0,0,0.02861111111111111,0.0,0.0,,valve2\3.csv,F0,mid,0,377
1,1,1.0,0,0.02861111111111111,0.0,0.0,48.0,valve2\3.csv,F2,mid,0,377
1,1,1.0,0,0.02861111111111111,0.0,0.0,93.0,valve2\3.csv,F3,mid,0,377
1,0,0.0,0,0.05138888888888889,0.0,0.0,,other\1.csv,F0,fixed,0,252
1,0,0.0,0,0.05138888888888889,0.0,0.0,,other\1.csv,F2,fixed,0,252
1,1,1.0,0,0.05138888888888889,0.0,0.7405405405405405,-137.0,other\1.csv,F3,fixed,0,252
1,0,0.0,0,0.10027777777777777,0.0,0.0,,other\10.csv,F0,fixed,0,260
1,1,1.0,0,0.10027777777777777,0.0,0.5096952908587258,-118.0,other\10.csv,F2,fixed,0,260
1,1,1.0,0,0.10027777777777777,0.0,0.889196675900277,-150.0,other\10.csv,F3,fixed,0,260
1,1,1.0,0,0.09972222222222223,0.0,0.0,119.0,other\11.csv,F0,fixed,0,260
1,1,1.0,1,0.09972222222222223,10.027855153203342,0.9136490250696379,-159.0,other\11.csv,F2,fixed,0,260
1,1,1.0,0,0.09972222222222223,0.0,0.8885793871866295,-150.0,other\11.csv,F3,fixed,0,260
1,0,0.0,0,0.09972222222222223,0.0,0.0,,other\12.csv,F0,fixed,0,260
1,0,0.0,0,0.09972222222222223,0.0,0.0,,other\12.csv,F2,fixed,0,260
1,1,1.0,0,0.09972222222222223,0.0,0.8885793871866295,-148.0,other\12.csv,F3,fixed,0,260
1,0,0.0,0,0.07722222222222222,0.0,0.0,,other\13.csv,F0,fixed,0,260
1,1,1.0,1,0.07722222222222222,12.949640287769785,0.302158273381295,-84.0,other\13.csv,F2,fixed,0,260
1,1,1.0,0,0.07722222222222222,0.0,0.8561151079136691,-75.0,other\13.csv,F3,fixed,0,260
1,0,0.0,0,0.06194444444444445,0.0,0.0,,other\14.csv,F0,fixed,0,260
1,0,0.0,1,0.06194444444444445,16.143497757847534,0.0,,other\14.csv,F2,fixed,0,260
1,1,1.0,0,0.06194444444444445,0.0,0.820627802690583,-151.0,other\14.csv,F3,fixed,0,260
1,0,0.0,0,0.0811111111111111,0.0,0.0,,other\2.csv,F0,fixed,1,260
1,0,0.0,1,0.0811111111111111,12.328767123287673,0.4623287671232877,,other\2.csv,F2,fixed,1,260
1,1,1.0,0,0.0811111111111111,0.0,1.0,40.0,other\2.csv,F3,fixed,1,260
1,0,0.0,0,0.09972222222222223,0.0,0.0,,other\3.csv,F0,fixed,0,260
1,0,0.0,1,0.09972222222222223,10.027855153203342,0.0,,other\3.csv,F2,fixed,0,260
1,1,1.0,0,0.09972222222222223,0.0,0.8885793871866295,-148.0,other\3.csv,F3,fixed,0,260
1,0,0.0,0,0.11555555555555555,0.0,0.0,,other\4.csv,F0,fixed,0,260
1,1,1.0,1,0.11555555555555555,8.653846153846155,0.9975961538461539,-415.0,other\4.csv,F2,fixed,0,260
1,1,1.0,0,0.11555555555555555,0.0,0.9038461538461539,-376.0,other\4.csv,F3,fixed,0,260
1,1,1.0,1,0.10138888888888889,9.863013698630137,0.16712328767123288,0.0,other\5.csv,F0,fixed,0,260
1,0,0.0,2,0.10138888888888889,19.726027397260275,0.5534246575342465,,other\5.csv,F2,fixed,0,260
1,1,1.0,0,0.10138888888888889,0.0,0.8904109589041096,-152.0,other\5.csv,F3,fixed,0,260
1,0,0.0,0,0.10138888888888889,0.0,0.0,,other\6.csv,F0,fixed,0,260
1,0,0.0,1,0.10138888888888889,9.863013698630137,0.07671232876712329,,other\6.csv,F2,fixed,0,260
1,1,1.0,0,0.10138888888888889,0.0,0.8904109589041096,-153.0,other\6.csv,F3,fixed,0,260
1,1,1.0,0,0.10083333333333333,0.0,0.0,1.0,other\7.csv,F0,fixed,0,260
1,1,1.0,2,0.10083333333333333,19.834710743801654,0.6859504132231405,-3.0,other\7.csv,F2,fixed,0,260
1,1,1.0,0,0.10083333333333333,0.0,0.8898071625344353,-152.0,other\7.csv,F3,fixed,0,260
1,1,1.0,0,0.10111111111111111,0.0,0.10714285714285714,401.0,other\8.csv,F0,fixed,0,260
1,1,1.0,1,0.10111111111111111,9.89010989010989,0.9835164835164835,-186.0,other\8.csv,F2,fixed,0,260
1,1,1.0,0,0.10111111111111111,0.0,0.8901098901098901,-152.0,other\8.csv,F3,fixed,0,260
1,1,1.0,0,0.10083333333333333,0.0,0.0,4.0,other\9.csv,F0,fixed,0,260
1,1,1.0,2,0.10083333333333333,19.834710743801654,0.24793388429752067,14.0,other\9.csv,F2,fixed,0,260
1,1,1.0,0,0.10083333333333333,0.0,0.8898071625344353,-152.0,other\9.csv,F3,fixed,0,260
1,0,0.0,0,0.10166666666666667,0.0,0.0,,valve1\0.csv,F0,fixed,0,260
1,1,1.0,0,0.10166666666666667,0.0,0.0,228.0,valve1\0.csv,F2,fixed,0,260
1,1,1.0,0,0.10166666666666667,0.0,0.8907103825136612,-153.0,valve1\0.csv,F3,fixed,0,260
1,0,0.0,0,0.10083333333333333,0.0,0.0,,valve1\1.csv,F0,fixed,0,260
1,1,1.0,1,0.10083333333333333,9.917355371900827,0.0,233.0,valve1\1.csv,F2,fixed,0,260
1,1,1.0,0,0.10083333333333333,0.0,0.8898071625344353,-152.0,valve1\1.csv,F3,fixed,0,260
1,0,0.0,0,0.10138888888888889,0.0,0.0,,valve1\10.csv,F0,fixed,0,260
1,1,1.0,2,0.10138888888888889,19.726027397260275,0.4986301369863014,-148.0,valve1\10.csv,F2,fixed,0,260
1,1,1.0,0,0.10138888888888889,0.0,0.8904109589041096,-153.0,valve1\10.csv,F3,fixed,0,260
1,0,0.0,0,0.10055555555555555,0.0,0.0,,valve1\11.csv,F0,fixed,0,260
1,1,1.0,0,0.10055555555555555,0.0,0.03038674033149171,340.0,valve1\11.csv,F2,fixed,0,260
1,1,1.0,0,0.10055555555555555,0.0,0.8895027624309392,-152.0,valve1\11.csv,F3,fixed,0,260
1,0,0.0,0,0.10027777777777777,0.0,0.0,,valve1\12.csv,F0,fixed,0,260
1,1,1.0,1,0.10027777777777777,9.97229916897507,0.11634349030470914,196.0,valve1\12.csv,F2,fixed,0,260
1,1,1.0,0,0.10027777777777777,0.0,0.889196675900277,-150.0,valve1\12.csv,F3,fixed,0,260
1,0,0.0,0,0.10027777777777777,0.0,0.0,,valve1\13.csv,F0,fixed,0,260
1,0,0.0,1,0.10027777777777777,9.97229916897507,0.1883656509695291,,valve1\13.csv,F2,fixed,0,260
1,1,1.0,0,0.10027777777777777,0.0,0.889196675900277,-150.0,valve1\13.csv,F3,fixed,0,260
1,0,0.0,0,0.1,0.0,0.0,,valve1\14.csv,F0,fixed,0,260
1,1,1.0,1,0.1,10.0,0.13333333333333333,144.0,valve1\14.csv,F2,fixed,0,260
1,1,1.0,0,0.1,0.0,0.8888888888888888,-149.0,valve1\14.csv,F3,fixed,0,260
1,0,0.0,0,0.10166666666666667,0.0,0.0,,valve1\15.csv,F0,fixed,0,260
1,0,0.0,1,0.10166666666666667,9.836065573770492,0.0,,valve1\15.csv,F2,fixed,0,260
1,1,1.0,0,0.10166666666666667,0.0,0.8907103825136612,-154.0,valve1\15.csv,F3,fixed,0,260
1,0,0.0,0,0.09944444444444445,0.0,0.0,,valve1\2.csv,F0,fixed,0,260
1,0,0.0,3,0.09944444444444445,30.167597765363126,0.24581005586592178,,valve1\2.csv,F2,fixed,0,260
1,1,1.0,0,0.09944444444444445,0.0,0.888268156424581,-146.0,valve1\2.csv,F3,fixed,0,260
1,0,0.0,0,0.10111111111111111,0.0,0.0,,valve1\3.csv,F0,fixed,0,260
1,1,1.0,0,0.10111111111111111,0.0,0.13736263736263737,-36.0,valve1\3.csv,F2,fixed,0,260
1,1,1.0,0,0.10111111111111111,0.0,0.8901098901098901,-153.0,valve1\3.csv,F3,fixed,0,260
1,0,0.0,0,0.10166666666666667,0.0,0.0,,valve1\4.csv,F0,fixed,0,260
1,1,1.0,2,0.10166666666666667,19.672131147540984,0.18579234972677597,-28.0,valve1\4.csv,F2,fixed,0,260
1,1,1.0,0,0.10166666666666667,0.0,0.8907103825136612,-153.0,valve1\4.csv,F3,fixed,0,260
1,0,0.0,0,0.10305555555555555,0.0,0.0,,valve1\5.csv,F0,fixed,0,260
1,1,1.0,2,0.10305555555555555,19.40700808625337,0.11590296495956873,76.0,valve1\5.csv,F2,fixed,0,260
1,1,1.0,0,0.10305555555555555,0.0,0.8921832884097035,-157.0,valve1\5.csv,F3,fixed,0,260
1,0,0.0,0,0.1025,0.0,0.0,,valve1\6.csv,F0,fixed,0,260
1,1,1.0,2,0.1025,19.51219512195122,0.8943089430894309,-198.0,valve1\6.csv,F2,fixed,0,260
1,1,1.0,0,0.1025,0.0,0.8915989159891599,-156.0,valve1\6.csv,F3,fixed,0,260
1,0,0.0,0,0.08583333333333333,0.0,0.0,,valve1\7.csv,F0,fixed,0,260
1,1,1.0,1,0.08583333333333333,11.650485436893204,0.27184466019417475,-3.0,valve1\7.csv,F2,fixed,0,260
1,1,1.0,0,0.08583333333333333,0.0,0.8705501618122977,-158.0,valve1\7.csv,F3,fixed,0,260
1,0,0.0,0,0.10111111111111111,0.0,0.0,,valve1\8.csv,F0,fixed,0,260
1,0,0.0,1,0.10111111111111111,9.89010989010989,0.32967032967032966,,valve1\8.csv,F2,fixed,0,260
1,1,1.0,0,0.10111111111111111,0.0,0.8901098901098901,-152.0,valve1\8.csv,F3,fixed,0,260
1,0,0.0,0,0.10166666666666667,0.0,0.0,,valve1\9.csv,F0,fixed,0,260
1,1,1.0,0,0.10166666666666667,0.0,0.0,9.0,valve1\9.csv,F2,fixed,0,260
1,1,1.0,0,0.10166666666666667,0.0,0.8907103825136612,-154.0,valve1\9.csv,F3,fixed,0,260
1,0,0.0,0,0.0975,0.0,0.0,,valve2\0.csv,F0,fixed,0,260
1,1,1.0,0,0.0975,0.0,0.0,349.0,valve2\0.csv,F2,fixed,0,260
1,1,1.0,0,0.0975,0.0,0.886039886039886,-142.0,valve2\0.csv,F3,fixed,0,260
1,0,0.0,0,0.09722222222222222,0.0,0.0,,valve2\1.csv,F0,fixed,0,260
1,0,0.0,0,0.09722222222222222,0.0,0.0,,valve2\1.csv,F2,fixed,0,260
1,1,1.0,0,0.09722222222222222,0.0,0.8857142857142857,-140.0,valve2\1.csv,F3,fixed,0,260
1,0,0.0,0,0.09833333333333333,0.0,0.0,,valve2\2.csv,F0,fixed,0,260
1,0,0.0,0,0.09833333333333333,0.0,0.0,,valve2\2.csv,F2,fixed,0,260
1,1,1.0,0,0.09833333333333333,0.0,0.8870056497175142,-145.0,valve2\2.csv,F3,fixed,0,260
1,0,0.0,0,0.06111111111111111,0.0,0.0,,valve2\3.csv,F0,fixed,0,260
1,0,0.0,0,0.06111111111111111,0.0,0.0,,valve2\3.csv,F2,fixed,0,260
1,1,1.0,0,0.06111111111111111,0.0,0.8181818181818182,-144.0,valve2\3.csv,F3,fixed,0,260
